{
  "version": "2.0",
  "logging": {
    "applicationInsights": {
      "samplingSettings": {
        "isEnabled": true,
        "maxTelemetryItemsPerSecond": 20,
        "excludedTypes": "Request"
      }
    }
  },
  "extensionBundle": {
    "id": "Microsoft.Azure.Functions.ExtensionBundle",
    "version": "[4.*, 5.0.0)"
  },
  "functionTimeout": "00:05:00",
  "http": {
    "routePrefix": "api",
    "customHeaders": {
      "Access-Control-Allow-Origin": "*",
      "Access-Control-Allow-Methods": "GET, POST, PUT, PATCH, DELETE, OPTIONS",
      "Access-Control-Allow-Headers": "Content-Type, Authorization"
    }
  }
}


