{
  "IsEncrypted": false,
  "Values": {
    "AzureWebJobsStorage": "",
    "FUNCTIONS_WORKER_RUNTIME": "node",
    "COSMOSDB_ENDPOINT": "https://southbound-cosmos.documents.azure.com:443/",
    "COSMOSDB_KEY": "OMFRsNUfJCdzRncCZkPwcLBJS8onOJAHg6Cyt3BGjhCQFguaUDX1yNTptpMozn0jJK5MiOdmieEtACDbQ5pEOQ==",
    "COSMOSDB_DATABASE_ID": "southbound",
    "AZURE_STORAGE_CONNECTION_STRING": "DefaultEndpointsProtocol=https;AccountName=southboundimages214153;AccountKey=bk1DqWP16kTpUMvzSk6hjzMY+Q/FPxRR8GNAWNXbTaW42jRxvbT4rLOgD2E6eF5z+yP6p7Mb9Kkn+ASt8dDI8A==;EndpointSuffix=core.windows.net",
    "AZURE_STORAGE_CONTAINER_NAME": "southbound-images"
  },
  "Host": {
    "LocalHttpPort": 7071,
    "CORS": "*",
    "CORSCredentials": false
  }
}
